Test Users Full Name,Test User Email,Test User Manager Email,Test User Work Anniversary
First Last001,fnln001@workplacedev.com,,"November 15, 2010"
First Last002,fnln002@workplacedev.com,fnln001@workplacedev.com,"February 10, 2011"
First Last003,fnln003@workplacedev.com,fnln001@workplacedev.com,"May 20, 2011"
First Last004,fnln004@workplacedev.com,fnln001@workplacedev.com,"August 5, 2012"
First Last005,fnln005@workplacedev.com,fnln001@workplacedev.com,"March 17, 2013"
First Last006,fnln006@workplacedev.com,,"October 10, 2013"
First Last007,fnln007@workplacedev.com,fnln006@workplacedev.com,"January 30, 2014"
First Last008,fnln008@workplacedev.com,fnln006@workplacedev.com,"June 13, 2015"
First Last009,fnln009@workplacedev.com,fnln006@workplacedev.com,"December 12, 2015"
First Last010,fnln010@workplacedev.com,fnln006@workplacedev.com,"April 2, 2016"